Date,Type,Value
2015-01-05 00:00:00,calories_burned,2023.0
2015-03-19 00:00:00,calories_burned,2222.0
2015-02-01 00:00:00,calories_burned,1676.0
2015-03-22 00:00:00,calories_burned,1913.0
2015-03-29 00:00:00,calories_burned,1536.0
2014-12-21 00:00:00,calories_burned,1628.0
2015-02-23 00:00:00,calories_burned,747.0
2015-02-02 00:00:00,calories_burned,2118.0
2015-01-30 00:00:00,calories_burned,2255.0
2015-03-21 00:00:00,calories_burned,2441.0
2015-03-08 00:00:00,calories_burned,1738.0
2015-02-24 00:00:00,calories_burned,725.0
2015-02-08 00:00:00,calories_burned,1879.0
2014-12-19 00:00:00,calories_burned,1904.0
2014-12-23 00:00:00,calories_burned,1990.0
2015-01-07 00:00:00,calories_burned,2052.0
2015-01-22 00:00:00,calories_burned,2030.0
2015-01-28 00:00:00,calories_burned,1647.0
2015-03-09 00:00:00,calories_burned,2156.0
2015-03-24 00:00:00,calories_burned,1571.0
2015-02-20 00:00:00,calories_burned,1665.0
2015-01-18 00:00:00,calories_burned,2436.0
2015-03-03 00:00:00,calories_burned,1868.0
2015-01-12 00:00:00,calories_burned,2214.0
2015-03-23 00:00:00,calories_burned,2211.0
2014-12-20 00:00:00,calories_burned,1865.0
2015-02-07 00:00:00,calories_burned,2458.0
2015-02-13 00:00:00,calories_burned,1615.0
2015-02-15 00:00:00,calories_burned,1845.0
2015-03-10 00:00:00,calories_burned,1575.0
2014-12-28 00:00:00,calories_burned,2005.0
2015-01-23 00:00:00,calories_burned,564.0
2015-01-09 00:00:00,calories_burned,1922.0
2015-03-07 00:00:00,calories_burned,2535.0
2015-03-30 00:00:00,calories_burned,2157.0
2015-02-10 00:00:00,calories_burned,1925.0
2015-03-05 00:00:00,calories_burned,2237.0
2015-02-09 00:00:00,calories_burned,1923.0
2015-01-20 00:00:00,calories_burned,2039.0
2014-12-29 00:00:00,calories_burned,1904.0
2015-01-02 00:00:00,calories_burned,2445.0
2015-01-14 00:00:00,calories_burned,1604.0
2014-12-27 00:00:00,calories_burned,1950.0
2015-03-14 00:00:00,calories_burned,2793.0
2015-03-18 00:00:00,calories_burned,1904.0
2015-01-13 00:00:00,calories_burned,1983.0
2015-02-16 00:00:00,calories_burned,1889.0
2015-01-21 00:00:00,calories_burned,435.0
2014-12-22 00:00:00,calories_burned,1607.0
2015-01-16 00:00:00,calories_burned,903.0
2015-01-15 00:00:00,calories_burned,2090.0
2014-12-15 00:00:00,calories_burned,2666.0
2015-03-20 00:00:00,calories_burned,1644.0
2015-03-12 00:00:00,calories_burned,2259.0
2014-12-18 00:00:00,calories_burned,1781.0
2014-12-17 00:00:00,calories_burned,1998.0
2015-02-21 00:00:00,calories_burned,1693.0
2014-12-30 00:00:00,calories_burned,1657.0
2015-02-19 00:00:00,calories_burned,1633.0
2015-02-27 00:00:00,calories_burned,627.0
2015-01-25 00:00:00,calories_burned,2706.0
2015-01-01 00:00:00,calories_burned,2063.0
2015-03-16 00:00:00,calories_burned,2176.0
2015-02-28 00:00:00,calories_burned,1422.0
2015-02-12 00:00:00,calories_burned,947.0
2015-01-10 00:00:00,calories_burned,2447.0
2015-01-03 00:00:00,calories_burned,2509.0
2015-03-28 00:00:00,calories_burned,2475.0
2015-01-24 00:00:00,calories_burned,2042.0
2015-01-29 00:00:00,calories_burned,2061.0
2014-12-26 00:00:00,calories_burned,2070.0
2015-02-26 00:00:00,calories_burned,1852.0
2015-03-15 00:00:00,calories_burned,2256.0
2015-01-31 00:00:00,calories_burned,2511.0
2015-01-04 00:00:00,calories_burned,1780.0
2014-12-31 00:00:00,calories_burned,2160.0
2015-02-04 00:00:00,calories_burned,1527.0
2015-01-26 00:00:00,calories_burned,2012.0
2015-01-08 00:00:00,calories_burned,2034.0
2015-01-06 00:00:00,calories_burned,1703.0
2015-01-11 00:00:00,calories_burned,1648.0
2015-02-11 00:00:00,calories_burned,1443.0
2015-02-05 00:00:00,calories_burned,1804.0
2014-12-16 00:00:00,calories_burned,1643.0
2014-12-24 00:00:00,calories_burned,2018.0
2015-01-27 00:00:00,calories_burned,1986.0
2015-02-18 00:00:00,calories_burned,1621.0
2014-12-25 00:00:00,calories_burned,1658.0
2015-02-06 00:00:00,calories_burned,2176.0
2015-03-02 00:00:00,calories_burned,2034.0
2015-01-19 00:00:00,calories_burned,2161.0
2015-03-01 00:00:00,calories_burned,2004.0
2015-03-27 00:00:00,calories_burned,2042.0
2015-02-22 00:00:00,calories_burned,1977.0
2015-03-25 00:00:00,calories_burned,1982.0
2015-03-13 00:00:00,calories_burned,2084.0
2015-02-17 00:00:00,calories_burned,1497.0
2015-02-03 00:00:00,calories_burned,1984.0
2015-03-04 00:00:00,calories_burned,1528.0
2015-04-01 00:00:00,calories_burned,602.0
2015-02-25 00:00:00,calories_burned,1670.0
2015-03-11 00:00:00,calories_burned,1900.0
2015-03-26 00:00:00,calories_burned,2225.0
2015-03-06 00:00:00,calories_burned,2052.0
2015-03-31 00:00:00,calories_burned,1903.0
2015-03-17 00:00:00,calories_burned,1875.0
2015-01-05 00:00:00,steps,12606.0
2015-03-19 00:00:00,steps,16423.0
2015-02-01 00:00:00,steps,7142.0
2015-03-22 00:00:00,steps,10746.0
2015-03-29 00:00:00,steps,3700.0
2014-12-21 00:00:00,steps,5163.0
2015-02-23 00:00:00,steps,1471.0
2015-02-02 00:00:00,steps,14271.0
2015-01-30 00:00:00,steps,16369.0
2015-03-21 00:00:00,steps,19519.0
2015-03-08 00:00:00,steps,7932.0
2015-02-24 00:00:00,steps,1038.0
2015-02-08 00:00:00,steps,10788.0
2014-12-19 00:00:00,steps,9994.0
2014-12-23 00:00:00,steps,12525.0
2015-01-07 00:00:00,steps,13198.0
2015-01-22 00:00:00,steps,12378.0
2015-01-28 00:00:00,steps,5787.0
2015-03-09 00:00:00,steps,14977.0
2015-03-24 00:00:00,steps,4600.0
2015-02-20 00:00:00,steps,6251.0
2015-01-18 00:00:00,steps,21517.0
2015-03-03 00:00:00,steps,10485.0
2015-01-12 00:00:00,steps,15632.0
2015-03-23 00:00:00,steps,16164.0
2014-12-20 00:00:00,steps,8682.0
2015-02-07 00:00:00,steps,21761.0
2015-02-13 00:00:00,steps,8634.0
2015-02-15 00:00:00,steps,10449.0
2015-03-10 00:00:00,steps,4888.0
2014-12-28 00:00:00,steps,11725.0
2015-01-23 00:00:00,steps,574.0
2015-01-09 00:00:00,steps,10929.0
2015-03-07 00:00:00,steps,23420.0
2015-03-30 00:00:00,steps,14728.0
2015-02-10 00:00:00,steps,11049.0
2015-03-05 00:00:00,steps,16993.0
2015-02-09 00:00:00,steps,10855.0
2015-01-20 00:00:00,steps,13760.0
2014-12-29 00:00:00,steps,10184.0
2015-01-02 00:00:00,steps,19898.0
2015-01-14 00:00:00,steps,4984.0
2014-12-27 00:00:00,steps,10401.0
2015-03-14 00:00:00,steps,28371.0
2015-03-18 00:00:00,steps,11056.0
2015-01-13 00:00:00,steps,11599.0
2015-02-16 00:00:00,steps,10022.0
2015-01-21 00:00:00,steps,82.0
2014-12-22 00:00:00,steps,4815.0
2015-01-16 00:00:00,steps,2859.0
2015-01-15 00:00:00,steps,14201.0
2014-12-15 00:00:00,steps,25116.0
2015-03-20 00:00:00,steps,5258.0
2015-03-12 00:00:00,steps,16962.0
2014-12-18 00:00:00,steps,8602.0
2014-12-17 00:00:00,steps,12051.0
2015-02-21 00:00:00,steps,7729.0
2014-12-30 00:00:00,steps,5003.0
2015-02-19 00:00:00,steps,6409.0
2015-02-27 00:00:00,steps,1158.0
2015-01-25 00:00:00,steps,25234.0
2015-01-01 00:00:00,steps,13696.0
2015-03-16 00:00:00,steps,15379.0
2015-02-28 00:00:00,steps,1831.0
2015-02-12 00:00:00,steps,1983.0
2015-01-10 00:00:00,steps,20092.0
2015-01-03 00:00:00,steps,24060.0
2015-03-28 00:00:00,steps,20826.0
2015-01-24 00:00:00,steps,13468.0
2015-01-29 00:00:00,steps,14118.0
2014-12-26 00:00:00,steps,13596.0
2015-02-26 00:00:00,steps,10367.0
2015-03-15 00:00:00,steps,17822.0
2015-01-31 00:00:00,steps,21076.0
2015-01-04 00:00:00,steps,8182.0
2014-12-31 00:00:00,steps,15300.0
2015-02-04 00:00:00,steps,5017.0
2015-01-26 00:00:00,steps,12440.0
2015-01-08 00:00:00,steps,12222.0
2015-01-06 00:00:00,steps,6797.0
2015-01-11 00:00:00,steps,4581.0
2015-02-11 00:00:00,steps,2012.0
2015-02-05 00:00:00,steps,8952.0
2014-12-16 00:00:00,steps,5510.0
2014-12-24 00:00:00,steps,12668.0
2015-01-27 00:00:00,steps,14026.0
2015-02-18 00:00:00,steps,5739.0
2014-12-25 00:00:00,steps,4066.0
2015-02-06 00:00:00,steps,15983.0
2015-03-02 00:00:00,steps,14914.0
2015-01-19 00:00:00,steps,15135.0
2015-03-01 00:00:00,steps,12458.0
2015-03-27 00:00:00,steps,12668.0
2015-02-22 00:00:00,steps,11567.0
2015-03-25 00:00:00,steps,12396.0
2015-03-13 00:00:00,steps,15044.0
2015-02-17 00:00:00,steps,2985.0
2015-02-03 00:00:00,steps,12021.0
2015-03-04 00:00:00,steps,4564.0
2015-04-01 00:00:00,steps,983.0
2015-02-25 00:00:00,steps,6951.0
2015-03-11 00:00:00,steps,10589.0
2015-03-26 00:00:00,steps,16989.0
2015-03-06 00:00:00,steps,14548.0
2015-03-31 00:00:00,steps,10123.0
2015-03-17 00:00:00,steps,10205.0
2014-06-19 10:00:00,nutrition_calories,806.5
2015-03-19 00:00:00,nutrition_calories,1594.0
2015-02-01 00:00:00,nutrition_calories,2043.0
2015-03-22 00:00:00,nutrition_calories,6457.0
2015-03-29 00:00:00,nutrition_calories,2755.0
2014-06-24 08:00:00,nutrition_calories,315.75
2015-02-23 00:00:00,nutrition_calories,1839.0
2015-02-02 00:00:00,nutrition_calories,1789.0
2014-07-10 08:00:00,nutrition_calories,342.169525
2015-01-30 00:00:00,nutrition_calories,1768.0
2014-06-24 17:00:00,nutrition_calories,337.04
2015-03-08 00:00:00,nutrition_calories,1712.0
2015-03-21 00:00:00,nutrition_calories,2160.0
2015-02-24 00:00:00,nutrition_calories,1446.0
2015-02-08 00:00:00,nutrition_calories,1837.0
1970-03-25 00:00:00,nutrition_calories,180.0
2015-01-07 00:00:00,nutrition_calories,2048.0
2015-01-22 00:00:00,nutrition_calories,1913.0
2014-07-09 08:00:00,nutrition_calories,342.169525
2015-01-28 00:00:00,nutrition_calories,1755.0
2015-03-09 00:00:00,nutrition_calories,1838.0
2014-06-13 08:00:00,nutrition_calories,347.5
2015-03-24 00:00:00,nutrition_calories,1525.0
2015-02-20 00:00:00,nutrition_calories,2648.0
2014-07-08 08:00:00,nutrition_calories,217.169525
2015-01-18 00:00:00,nutrition_calories,2789.0
2015-03-03 00:00:00,nutrition_calories,1294.0
2014-07-25 12:00:00,nutrition_calories,1005.0
2015-01-12 00:00:00,nutrition_calories,2313.0
2015-03-23 00:00:00,nutrition_calories,1476.0
2015-02-07 00:00:00,nutrition_calories,2699.0
2014-07-14 10:00:00,nutrition_calories,548.625
2015-02-13 00:00:00,nutrition_calories,2344.0
2015-02-15 00:00:00,nutrition_calories,1966.0
2014-07-17 17:00:00,nutrition_calories,582.5
2015-03-10 00:00:00,nutrition_calories,1773.0
2014-06-13 12:00:00,nutrition_calories,323.8
2015-01-23 00:00:00,nutrition_calories,2144.0
2015-01-09 00:00:00,nutrition_calories,2357.0
2014-07-24 12:00:00,nutrition_calories,449.7
2015-03-07 00:00:00,nutrition_calories,1707.0
2014-07-10 12:00:00,nutrition_calories,500.0
2015-03-30 00:00:00,nutrition_calories,1515.0
2015-02-10 00:00:00,nutrition_calories,2257.0
2014-07-08 17:00:00,nutrition_calories,515.0
2014-06-23 12:00:00,nutrition_calories,413.8
2014-06-13 17:00:00,nutrition_calories,610.0
2015-03-05 00:00:00,nutrition_calories,2755.0
2015-02-09 00:00:00,nutrition_calories,1798.0
2015-01-20 00:00:00,nutrition_calories,1758.0
2014-07-28 08:00:00,nutrition_calories,354.0
2014-06-13 10:00:00,nutrition_calories,675.5
2014-07-08 12:00:00,nutrition_calories,895.128
2015-01-14 00:00:00,nutrition_calories,1822.0
2015-03-14 00:00:00,nutrition_calories,1268.0
2015-03-18 00:00:00,nutrition_calories,1804.0
2015-01-13 00:00:00,nutrition_calories,1706.0
2014-07-07 12:00:00,nutrition_calories,370.0
2014-06-17 17:00:00,nutrition_calories,600.0
2015-02-16 00:00:00,nutrition_calories,1684.0
2014-07-25 08:00:00,nutrition_calories,452.0
2014-06-23 08:00:00,nutrition_calories,394.0
2015-01-21 00:00:00,nutrition_calories,2067.0
2014-07-10 10:00:00,nutrition_calories,300.0
2014-06-24 12:00:00,nutrition_calories,337.04
2015-01-16 00:00:00,nutrition_calories,2500.0
1970-01-16 00:00:00,nutrition_calories,222.0
2015-01-15 00:00:00,nutrition_calories,1793.0
2014-07-09 12:00:00,nutrition_calories,422.5
2014-07-07 08:00:00,nutrition_calories,354.0
2014-07-24 10:00:00,nutrition_calories,380.0
2015-02-14 00:00:00,nutrition_calories,1999.0
2014-06-17 10:00:00,nutrition_calories,662.5
2014-06-11 08:00:00,nutrition_calories,318.625
2014-06-19 12:00:00,nutrition_calories,316.95
2015-03-20 00:00:00,nutrition_calories,1886.0
2014-07-29 17:00:00,nutrition_calories,600.0
2014-07-17 08:00:00,nutrition_calories,510.0
2015-03-12 00:00:00,nutrition_calories,1700.0
2015-04-02 00:00:00,nutrition_calories,380.0
2014-07-15 10:00:00,nutrition_calories,1012.5
2015-02-21 00:00:00,nutrition_calories,1300.0
2014-06-23 10:00:00,nutrition_calories,685.75
2014-07-14 08:00:00,nutrition_calories,354.0
2014-06-19 08:00:00,nutrition_calories,275.75
2014-07-14 12:00:00,nutrition_calories,695.0
2015-01-17 00:00:00,nutrition_calories,1288.0
2015-02-19 00:00:00,nutrition_calories,1564.0
2015-02-27 00:00:00,nutrition_calories,2201.0
2015-01-25 00:00:00,nutrition_calories,2947.0
2014-07-29 08:00:00,nutrition_calories,278.625
2014-07-07 17:00:00,nutrition_calories,575.0
2014-07-15 08:00:00,nutrition_calories,230.0
2015-03-16 00:00:00,nutrition_calories,2113.0
2015-02-28 00:00:00,nutrition_calories,1422.0
2015-02-12 00:00:00,nutrition_calories,1300.0
2015-01-10 00:00:00,nutrition_calories,1922.0
2014-06-11 17:00:00,nutrition_calories,376.674
2015-03-28 00:00:00,nutrition_calories,1623.0
2015-01-24 00:00:00,nutrition_calories,2166.0
2015-01-29 00:00:00,nutrition_calories,2791.0
2014-07-24 17:00:00,nutrition_calories,725.5
2015-02-26 00:00:00,nutrition_calories,1959.0
2015-03-15 00:00:00,nutrition_calories,2163.0
2015-01-31 00:00:00,nutrition_calories,2453.0
2015-02-04 00:00:00,nutrition_calories,1896.0
2015-01-26 00:00:00,nutrition_calories,2188.0
2015-01-08 00:00:00,nutrition_calories,1624.0
2015-01-06 00:00:00,nutrition_calories,2326.0
2014-07-09 10:00:00,nutrition_calories,515.0
2014-07-29 12:00:00,nutrition_calories,370.0
2015-01-11 00:00:00,nutrition_calories,2136.0
2015-02-11 00:00:00,nutrition_calories,1821.0
2015-02-05 00:00:00,nutrition_calories,1638.0
2014-06-11 12:00:00,nutrition_calories,565.0
2014-07-07 10:00:00,nutrition_calories,345.0
2015-01-27 00:00:00,nutrition_calories,1884.0
2015-02-18 00:00:00,nutrition_calories,1357.0
2014-06-17 12:00:00,nutrition_calories,333.8
2014-06-24 10:00:00,nutrition_calories,650.0
2015-02-06 00:00:00,nutrition_calories,2229.0
2014-06-23 17:00:00,nutrition_calories,379.26
2015-03-02 00:00:00,nutrition_calories,1889.0
2015-01-19 00:00:00,nutrition_calories,2048.0
2015-03-01 00:00:00,nutrition_calories,2118.0
2015-03-27 00:00:00,nutrition_calories,1665.0
2015-02-22 00:00:00,nutrition_calories,2759.0
2014-07-10 17:00:00,nutrition_calories,300.0
2014-06-11 10:00:00,nutrition_calories,502.5
2014-07-17 12:00:00,nutrition_calories,724.675
2015-03-25 00:00:00,nutrition_calories,1857.0
2015-03-13 00:00:00,nutrition_calories,2659.0
2015-02-17 00:00:00,nutrition_calories,2090.0
2015-02-03 00:00:00,nutrition_calories,1705.0
2014-07-08 10:00:00,nutrition_calories,170.0
2015-03-04 00:00:00,nutrition_calories,1860.0
2015-04-01 00:00:00,nutrition_calories,1227.0
2014-07-25 10:00:00,nutrition_calories,1220.0
2015-02-25 00:00:00,nutrition_calories,1631.0
2015-03-11 00:00:00,nutrition_calories,1765.0
2014-07-17 10:00:00,nutrition_calories,135.0
2014-06-19 17:00:00,nutrition_calories,330.0
2014-07-24 08:00:00,nutrition_calories,230.0
2015-03-26 00:00:00,nutrition_calories,1832.0
2014-07-25 17:00:00,nutrition_calories,600.0
2014-06-17 08:00:00,nutrition_calories,275.75
2015-03-06 00:00:00,nutrition_calories,2136.0
2015-03-31 00:00:00,nutrition_calories,3490.0
2015-03-17 00:00:00,nutrition_calories,1324.0
2015-03-20 00:00:00,nutrition_carbs,208.0
2015-02-01 00:00:00,nutrition_carbs,167.0
2015-03-12 00:00:00,nutrition_carbs,209.0
2015-03-19 00:00:00,nutrition_carbs,149.0
2015-03-29 00:00:00,nutrition_carbs,313.0
2015-03-22 00:00:00,nutrition_carbs,520.0
2015-04-02 00:00:00,nutrition_carbs,40.0
2015-02-02 00:00:00,nutrition_carbs,194.0
2015-02-23 00:00:00,nutrition_carbs,194.0
2015-02-21 00:00:00,nutrition_carbs,173.0
2015-01-30 00:00:00,nutrition_carbs,239.0
2015-03-21 00:00:00,nutrition_carbs,119.0
2015-03-08 00:00:00,nutrition_carbs,149.0
2015-02-24 00:00:00,nutrition_carbs,173.0
2015-01-17 00:00:00,nutrition_carbs,136.0
2015-02-08 00:00:00,nutrition_carbs,163.0
2015-02-19 00:00:00,nutrition_carbs,227.0
2015-01-25 00:00:00,nutrition_carbs,327.0
2015-02-27 00:00:00,nutrition_carbs,230.0
1970-03-25 00:00:00,nutrition_carbs,4.0
2015-03-16 00:00:00,nutrition_carbs,261.0
2015-02-28 00:00:00,nutrition_carbs,115.0
2015-02-12 00:00:00,nutrition_carbs,141.0
2015-01-10 00:00:00,nutrition_carbs,161.0
2015-01-07 00:00:00,nutrition_carbs,248.0
2015-03-28 00:00:00,nutrition_carbs,118.0
2015-01-22 00:00:00,nutrition_carbs,124.0
2015-01-24 00:00:00,nutrition_carbs,171.0
2015-01-29 00:00:00,nutrition_carbs,314.0
2015-01-28 00:00:00,nutrition_carbs,233.0
2015-03-09 00:00:00,nutrition_carbs,170.0
2015-03-24 00:00:00,nutrition_carbs,214.0
2015-02-26 00:00:00,nutrition_carbs,236.0
2015-02-20 00:00:00,nutrition_carbs,325.0
2015-03-15 00:00:00,nutrition_carbs,229.0
2015-01-18 00:00:00,nutrition_carbs,294.0
2015-01-31 00:00:00,nutrition_carbs,257.0
2015-03-03 00:00:00,nutrition_carbs,152.0
2015-01-12 00:00:00,nutrition_carbs,243.0
2015-01-26 00:00:00,nutrition_carbs,246.0
2015-02-04 00:00:00,nutrition_carbs,206.0
2015-01-08 00:00:00,nutrition_carbs,184.0
2015-01-06 00:00:00,nutrition_carbs,270.0
2015-03-23 00:00:00,nutrition_carbs,140.0
2015-02-07 00:00:00,nutrition_carbs,313.0
2015-02-13 00:00:00,nutrition_carbs,284.0
2015-02-15 00:00:00,nutrition_carbs,223.0
2015-01-11 00:00:00,nutrition_carbs,275.0
2015-03-10 00:00:00,nutrition_carbs,220.0
2015-02-05 00:00:00,nutrition_carbs,175.0
2015-02-11 00:00:00,nutrition_carbs,206.0
2015-01-23 00:00:00,nutrition_carbs,239.0
2015-01-09 00:00:00,nutrition_carbs,320.0
2015-03-07 00:00:00,nutrition_carbs,204.0
2015-01-27 00:00:00,nutrition_carbs,217.0
2015-02-10 00:00:00,nutrition_carbs,303.0
2015-03-30 00:00:00,nutrition_carbs,201.0
2015-02-18 00:00:00,nutrition_carbs,110.0
2015-01-20 00:00:00,nutrition_carbs,204.0
2015-02-09 00:00:00,nutrition_carbs,169.0
2015-03-05 00:00:00,nutrition_carbs,276.0
2015-02-06 00:00:00,nutrition_carbs,270.0
2015-01-14 00:00:00,nutrition_carbs,235.0
2015-03-02 00:00:00,nutrition_carbs,192.0
2015-01-19 00:00:00,nutrition_carbs,250.0
2015-03-14 00:00:00,nutrition_carbs,139.0
2015-01-13 00:00:00,nutrition_carbs,196.0
2015-03-18 00:00:00,nutrition_carbs,218.0
2015-03-01 00:00:00,nutrition_carbs,235.0
2015-03-27 00:00:00,nutrition_carbs,214.0
2015-02-22 00:00:00,nutrition_carbs,245.0
2015-02-16 00:00:00,nutrition_carbs,192.0
2015-03-25 00:00:00,nutrition_carbs,244.0
2015-03-13 00:00:00,nutrition_carbs,218.0
2015-01-21 00:00:00,nutrition_carbs,245.0
2015-02-03 00:00:00,nutrition_carbs,216.0
2015-02-17 00:00:00,nutrition_carbs,254.0
2015-03-04 00:00:00,nutrition_carbs,233.0
2015-04-01 00:00:00,nutrition_carbs,91.0
2015-01-16 00:00:00,nutrition_carbs,264.0
1970-01-16 00:00:00,nutrition_carbs,46.0
2015-01-15 00:00:00,nutrition_carbs,178.0
2015-02-25 00:00:00,nutrition_carbs,185.0
2015-03-11 00:00:00,nutrition_carbs,207.0
2015-03-26 00:00:00,nutrition_carbs,165.0
2015-02-14 00:00:00,nutrition_carbs,298.0
2015-03-06 00:00:00,nutrition_carbs,216.0
2015-03-17 00:00:00,nutrition_carbs,163.0
2015-03-31 00:00:00,nutrition_carbs,348.0
2015-03-20 00:00:00,nutrition_fat,66.0
2015-02-01 00:00:00,nutrition_fat,112.0
2015-03-12 00:00:00,nutrition_fat,54.0
2015-03-19 00:00:00,nutrition_fat,82.0
2015-03-29 00:00:00,nutrition_fat,148.0
2015-03-22 00:00:00,nutrition_fat,318.0
2015-04-02 00:00:00,nutrition_fat,18.0
2015-02-02 00:00:00,nutrition_fat,77.0
2015-02-23 00:00:00,nutrition_fat,77.0
2015-02-21 00:00:00,nutrition_fat,48.0
2015-01-30 00:00:00,nutrition_fat,51.0
2015-03-21 00:00:00,nutrition_fat,142.0
2015-03-08 00:00:00,nutrition_fat,96.0
2015-02-24 00:00:00,nutrition_fat,49.0
2015-01-17 00:00:00,nutrition_fat,58.0
2015-02-08 00:00:00,nutrition_fat,95.0
2015-02-19 00:00:00,nutrition_fat,39.0
2015-01-25 00:00:00,nutrition_fat,158.0
2015-02-27 00:00:00,nutrition_fat,99.0
1970-03-25 00:00:00,nutrition_fat,20.0
2015-03-16 00:00:00,nutrition_fat,77.0
2015-02-28 00:00:00,nutrition_fat,38.0
2015-02-12 00:00:00,nutrition_fat,61.0
2015-01-10 00:00:00,nutrition_fat,90.0
2015-01-07 00:00:00,nutrition_fat,93.0
2015-03-28 00:00:00,nutrition_fat,92.0
2015-01-22 00:00:00,nutrition_fat,58.0
2015-01-24 00:00:00,nutrition_fat,121.0
2015-01-29 00:00:00,nutrition_fat,97.0
2015-01-28 00:00:00,nutrition_fat,60.0
2015-03-09 00:00:00,nutrition_fat,84.0
2015-03-24 00:00:00,nutrition_fat,44.0
2015-02-26 00:00:00,nutrition_fat,75.0
2015-02-20 00:00:00,nutrition_fat,104.0
2015-03-15 00:00:00,nutrition_fat,103.0
2015-01-18 00:00:00,nutrition_fat,121.0
2015-01-31 00:00:00,nutrition_fat,103.0
2015-03-03 00:00:00,nutrition_fat,46.0
2015-01-12 00:00:00,nutrition_fat,133.0
2015-01-26 00:00:00,nutrition_fat,99.0
2015-02-04 00:00:00,nutrition_fat,74.0
2015-01-08 00:00:00,nutrition_fat,71.0
2015-01-06 00:00:00,nutrition_fat,112.0
2015-03-23 00:00:00,nutrition_fat,71.0
2015-02-07 00:00:00,nutrition_fat,74.0
2015-02-13 00:00:00,nutrition_fat,105.0
2015-02-15 00:00:00,nutrition_fat,105.0
2015-01-11 00:00:00,nutrition_fat,102.0
2015-03-10 00:00:00,nutrition_fat,62.0
2015-02-05 00:00:00,nutrition_fat,73.0
2015-02-11 00:00:00,nutrition_fat,93.0
2015-01-23 00:00:00,nutrition_fat,107.0
2015-01-09 00:00:00,nutrition_fat,98.0
2015-03-07 00:00:00,nutrition_fat,67.0
2015-01-27 00:00:00,nutrition_fat,83.0
2015-02-10 00:00:00,nutrition_fat,86.0
2015-03-30 00:00:00,nutrition_fat,50.0
2015-02-18 00:00:00,nutrition_fat,67.0
2015-01-20 00:00:00,nutrition_fat,64.0
2015-02-09 00:00:00,nutrition_fat,85.0
2015-03-05 00:00:00,nutrition_fat,81.0
2015-02-06 00:00:00,nutrition_fat,94.0
2015-01-14 00:00:00,nutrition_fat,77.0
2015-03-02 00:00:00,nutrition_fat,79.0
2015-01-19 00:00:00,nutrition_fat,88.0
2015-03-14 00:00:00,nutrition_fat,44.0
2015-01-13 00:00:00,nutrition_fat,73.0
2015-03-18 00:00:00,nutrition_fat,70.0
2015-03-01 00:00:00,nutrition_fat,104.0
2015-03-27 00:00:00,nutrition_fat,63.0
2015-02-22 00:00:00,nutrition_fat,153.0
2015-02-16 00:00:00,nutrition_fat,77.0
2015-03-25 00:00:00,nutrition_fat,70.0
2015-03-13 00:00:00,nutrition_fat,42.0
2015-01-21 00:00:00,nutrition_fat,89.0
2015-02-03 00:00:00,nutrition_fat,60.0
2015-02-17 00:00:00,nutrition_fat,103.0
2015-03-04 00:00:00,nutrition_fat,64.0
2015-04-01 00:00:00,nutrition_fat,32.0
2015-01-16 00:00:00,nutrition_fat,85.0
1970-01-16 00:00:00,nutrition_fat,2.0
2015-01-15 00:00:00,nutrition_fat,83.0
2015-02-25 00:00:00,nutrition_fat,59.0
2015-03-11 00:00:00,nutrition_fat,67.0
2015-03-26 00:00:00,nutrition_fat,92.0
2015-02-14 00:00:00,nutrition_fat,102.0
2015-03-06 00:00:00,nutrition_fat,110.0
2015-03-17 00:00:00,nutrition_fat,49.0
2015-03-31 00:00:00,nutrition_fat,108.0
2015-03-20 00:00:00,nutrition_fiber,10.0
2015-02-01 00:00:00,nutrition_fiber,10.0
2015-03-12 00:00:00,nutrition_fiber,13.0
2015-03-19 00:00:00,nutrition_fiber,12.0
2015-03-29 00:00:00,nutrition_fiber,10.0
2015-03-22 00:00:00,nutrition_fiber,14.0
2015-04-02 00:00:00,nutrition_fiber,2.0
2015-02-02 00:00:00,nutrition_fiber,13.0
2015-02-23 00:00:00,nutrition_fiber,16.0
2015-02-21 00:00:00,nutrition_fiber,10.0
2015-01-30 00:00:00,nutrition_fiber,16.0
2015-03-21 00:00:00,nutrition_fiber,9.0
2015-03-08 00:00:00,nutrition_fiber,6.0
2015-02-24 00:00:00,nutrition_fiber,12.0
2015-01-17 00:00:00,nutrition_fiber,10.0
2015-02-08 00:00:00,nutrition_fiber,6.0
2015-02-19 00:00:00,nutrition_fiber,12.0
2015-01-25 00:00:00,nutrition_fiber,21.0
2015-02-27 00:00:00,nutrition_fiber,9.0
2015-03-16 00:00:00,nutrition_fiber,21.0
2015-02-28 00:00:00,nutrition_fiber,3.0
2015-02-12 00:00:00,nutrition_fiber,11.0
2015-01-10 00:00:00,nutrition_fiber,12.0
2015-01-07 00:00:00,nutrition_fiber,23.0
2015-03-28 00:00:00,nutrition_fiber,12.0
2015-01-22 00:00:00,nutrition_fiber,13.0
2015-01-24 00:00:00,nutrition_fiber,14.0
2015-01-29 00:00:00,nutrition_fiber,25.0
2015-01-28 00:00:00,nutrition_fiber,15.0
2015-03-09 00:00:00,nutrition_fiber,9.0
2015-03-24 00:00:00,nutrition_fiber,14.0
2015-02-26 00:00:00,nutrition_fiber,16.0
2015-02-20 00:00:00,nutrition_fiber,20.0
2015-03-15 00:00:00,nutrition_fiber,22.0
2015-01-18 00:00:00,nutrition_fiber,20.0
2015-01-31 00:00:00,nutrition_fiber,24.0
2015-03-03 00:00:00,nutrition_fiber,13.0
2015-01-12 00:00:00,nutrition_fiber,14.0
2015-01-26 00:00:00,nutrition_fiber,28.0
2015-02-04 00:00:00,nutrition_fiber,14.0
2015-01-08 00:00:00,nutrition_fiber,19.0
2015-01-06 00:00:00,nutrition_fiber,27.0
2015-03-23 00:00:00,nutrition_fiber,8.0
2015-02-07 00:00:00,nutrition_fiber,7.0
2015-02-13 00:00:00,nutrition_fiber,12.0
2015-02-15 00:00:00,nutrition_fiber,10.0
2015-01-11 00:00:00,nutrition_fiber,8.0
2015-03-10 00:00:00,nutrition_fiber,13.0
2015-02-05 00:00:00,nutrition_fiber,7.0
2015-02-11 00:00:00,nutrition_fiber,8.0
2015-01-23 00:00:00,nutrition_fiber,13.0
2015-01-09 00:00:00,nutrition_fiber,22.0
2015-03-07 00:00:00,nutrition_fiber,6.0
2015-01-27 00:00:00,nutrition_fiber,17.0
2015-02-10 00:00:00,nutrition_fiber,15.0
2015-03-30 00:00:00,nutrition_fiber,14.0
2015-02-18 00:00:00,nutrition_fiber,10.0
2015-01-20 00:00:00,nutrition_fiber,17.0
2015-02-09 00:00:00,nutrition_fiber,19.0
2015-03-05 00:00:00,nutrition_fiber,15.0
2015-02-06 00:00:00,nutrition_fiber,10.0
2015-01-14 00:00:00,nutrition_fiber,15.0
2015-03-02 00:00:00,nutrition_fiber,28.0
2015-01-19 00:00:00,nutrition_fiber,11.0
2015-03-14 00:00:00,nutrition_fiber,6.0
2015-01-13 00:00:00,nutrition_fiber,19.0
2015-03-18 00:00:00,nutrition_fiber,14.0
2015-03-01 00:00:00,nutrition_fiber,9.0
2015-03-27 00:00:00,nutrition_fiber,18.0
2015-02-22 00:00:00,nutrition_fiber,12.0
2015-02-16 00:00:00,nutrition_fiber,13.0
2015-03-25 00:00:00,nutrition_fiber,22.0
2015-03-13 00:00:00,nutrition_fiber,13.0
2015-01-21 00:00:00,nutrition_fiber,18.0
2015-02-03 00:00:00,nutrition_fiber,19.0
2015-02-17 00:00:00,nutrition_fiber,9.0
2015-03-04 00:00:00,nutrition_fiber,14.0
2015-04-01 00:00:00,nutrition_fiber,6.0
2015-01-16 00:00:00,nutrition_fiber,24.0
1970-01-16 00:00:00,nutrition_fiber,4.0
2015-01-15 00:00:00,nutrition_fiber,21.0
2015-02-25 00:00:00,nutrition_fiber,12.0
2015-03-11 00:00:00,nutrition_fiber,12.0
2015-03-26 00:00:00,nutrition_fiber,14.0
2015-02-14 00:00:00,nutrition_fiber,10.0
2015-03-06 00:00:00,nutrition_fiber,13.0
2015-03-17 00:00:00,nutrition_fiber,8.0
2015-03-31 00:00:00,nutrition_fiber,24.0
2015-03-20 00:00:00,nutrition_protein,98.0
2015-02-01 00:00:00,nutrition_protein,79.0
2015-03-12 00:00:00,nutrition_protein,68.0
2015-03-19 00:00:00,nutrition_protein,67.0
2015-03-29 00:00:00,nutrition_protein,46.0
2015-03-22 00:00:00,nutrition_protein,170.0
2015-04-02 00:00:00,nutrition_protein,15.0
2015-02-02 00:00:00,nutrition_protein,87.0
2015-02-23 00:00:00,nutrition_protein,92.0
2015-02-21 00:00:00,nutrition_protein,50.0
2015-01-30 00:00:00,nutrition_protein,88.0
2015-03-21 00:00:00,nutrition_protein,60.0
2015-03-08 00:00:00,nutrition_protein,59.0
2015-02-24 00:00:00,nutrition_protein,84.0
2015-01-17 00:00:00,nutrition_protein,64.0
2015-02-08 00:00:00,nutrition_protein,58.0
2015-02-19 00:00:00,nutrition_protein,79.0
2015-01-25 00:00:00,nutrition_protein,62.0
2015-02-27 00:00:00,nutrition_protein,66.0
1970-03-25 00:00:00,nutrition_protein,2.0
2015-03-16 00:00:00,nutrition_protein,109.0
2015-02-28 00:00:00,nutrition_protein,29.0
2015-02-12 00:00:00,nutrition_protein,37.0
2015-01-10 00:00:00,nutrition_protein,18.0
2015-01-07 00:00:00,nutrition_protein,58.0
2015-03-28 00:00:00,nutrition_protein,64.0
2015-01-22 00:00:00,nutrition_protein,64.0
2015-01-24 00:00:00,nutrition_protein,86.0
2015-01-29 00:00:00,nutrition_protein,123.0
2015-01-28 00:00:00,nutrition_protein,80.0
2015-03-09 00:00:00,nutrition_protein,101.0
2015-03-24 00:00:00,nutrition_protein,71.0
2015-02-26 00:00:00,nutrition_protein,73.0
2015-02-20 00:00:00,nutrition_protein,110.0
2015-03-15 00:00:00,nutrition_protein,75.0
2015-01-18 00:00:00,nutrition_protein,93.0
2015-01-31 00:00:00,nutrition_protein,112.0
2015-03-03 00:00:00,nutrition_protein,72.0
2015-01-12 00:00:00,nutrition_protein,97.0
2015-01-26 00:00:00,nutrition_protein,65.0
2015-02-04 00:00:00,nutrition_protein,83.0
2015-01-08 00:00:00,nutrition_protein,53.0
2015-01-06 00:00:00,nutrition_protein,64.0
2015-03-23 00:00:00,nutrition_protein,70.0
2015-02-07 00:00:00,nutrition_protein,116.0
2015-02-13 00:00:00,nutrition_protein,68.0
2015-02-15 00:00:00,nutrition_protein,40.0
2015-01-11 00:00:00,nutrition_protein,52.0
2015-03-10 00:00:00,nutrition_protein,82.0
2015-02-05 00:00:00,nutrition_protein,69.0
2015-02-11 00:00:00,nutrition_protein,45.0
2015-01-23 00:00:00,nutrition_protein,71.0
2015-01-09 00:00:00,nutrition_protein,62.0
2015-03-07 00:00:00,nutrition_protein,56.0
2015-01-27 00:00:00,nutrition_protein,79.0
2015-02-10 00:00:00,nutrition_protein,71.0
2015-03-30 00:00:00,nutrition_protein,68.0
2015-02-18 00:00:00,nutrition_protein,81.0
2015-01-20 00:00:00,nutrition_protein,68.0
2015-02-09 00:00:00,nutrition_protein,91.0
2015-03-05 00:00:00,nutrition_protein,131.0
2015-02-06 00:00:00,nutrition_protein,71.0
2015-01-14 00:00:00,nutrition_protein,53.0
2015-03-02 00:00:00,nutrition_protein,103.0
2015-01-19 00:00:00,nutrition_protein,86.0
2015-03-14 00:00:00,nutrition_protein,32.0
2015-01-13 00:00:00,nutrition_protein,63.0
2015-03-18 00:00:00,nutrition_protein,80.0
2015-03-01 00:00:00,nutrition_protein,54.0
2015-03-27 00:00:00,nutrition_protein,76.0
2015-02-22 00:00:00,nutrition_protein,84.0
2015-02-16 00:00:00,nutrition_protein,62.0
2015-03-25 00:00:00,nutrition_protein,75.0
2015-03-13 00:00:00,nutrition_protein,57.0
2015-01-21 00:00:00,nutrition_protein,63.0
2015-02-03 00:00:00,nutrition_protein,85.0
2015-02-17 00:00:00,nutrition_protein,39.0
2015-03-04 00:00:00,nutrition_protein,91.0
2015-04-01 00:00:00,nutrition_protein,37.0
2015-01-16 00:00:00,nutrition_protein,134.0
1970-01-16 00:00:00,nutrition_protein,5.0
2015-01-15 00:00:00,nutrition_protein,53.0
2015-02-25 00:00:00,nutrition_protein,77.0
2015-03-11 00:00:00,nutrition_protein,91.0
2015-03-26 00:00:00,nutrition_protein,86.0
2015-02-14 00:00:00,nutrition_protein,57.0
2015-03-06 00:00:00,nutrition_protein,74.0
2015-03-17 00:00:00,nutrition_protein,67.0
2015-03-31 00:00:00,nutrition_protein,96.0
2015-03-20 00:00:00,nutrition_sodium,2189.0
2015-02-01 00:00:00,nutrition_sodium,3598.0
2015-03-12 00:00:00,nutrition_sodium,2371.0
2015-03-19 00:00:00,nutrition_sodium,2062.0
2015-03-29 00:00:00,nutrition_sodium,2643.0
2015-03-22 00:00:00,nutrition_sodium,8269.0
2015-04-02 00:00:00,nutrition_sodium,440.0
2015-02-02 00:00:00,nutrition_sodium,1736.0
2015-02-23 00:00:00,nutrition_sodium,2322.0
2015-02-21 00:00:00,nutrition_sodium,1680.0
2015-01-30 00:00:00,nutrition_sodium,2968.0
2015-03-21 00:00:00,nutrition_sodium,2399.0
2015-03-08 00:00:00,nutrition_sodium,3468.0
2015-02-24 00:00:00,nutrition_sodium,2000.0
2015-01-17 00:00:00,nutrition_sodium,1892.0
2015-02-08 00:00:00,nutrition_sodium,1555.0
2015-02-19 00:00:00,nutrition_sodium,3825.0
2015-01-25 00:00:00,nutrition_sodium,3082.0
2015-02-27 00:00:00,nutrition_sodium,2333.0
2015-03-16 00:00:00,nutrition_sodium,3819.0
2015-02-28 00:00:00,nutrition_sodium,673.0
2015-02-12 00:00:00,nutrition_sodium,3336.0
2015-01-10 00:00:00,nutrition_sodium,710.0
2015-01-07 00:00:00,nutrition_sodium,2462.0
2015-03-28 00:00:00,nutrition_sodium,2122.0
2015-01-22 00:00:00,nutrition_sodium,1908.0
2015-01-24 00:00:00,nutrition_sodium,2104.0
2015-01-29 00:00:00,nutrition_sodium,3711.0
2015-01-28 00:00:00,nutrition_sodium,2574.0
2015-03-09 00:00:00,nutrition_sodium,2958.0
2015-03-24 00:00:00,nutrition_sodium,2166.0
2015-02-26 00:00:00,nutrition_sodium,3596.0
2015-02-20 00:00:00,nutrition_sodium,5783.0
2015-03-15 00:00:00,nutrition_sodium,3243.0
2015-01-18 00:00:00,nutrition_sodium,3247.0
2015-01-31 00:00:00,nutrition_sodium,3973.0
2015-03-03 00:00:00,nutrition_sodium,2070.0
2015-01-12 00:00:00,nutrition_sodium,1805.0
2015-01-26 00:00:00,nutrition_sodium,1724.0
2015-02-04 00:00:00,nutrition_sodium,1972.0
2015-01-08 00:00:00,nutrition_sodium,1502.0
2015-01-06 00:00:00,nutrition_sodium,1980.0
2015-03-23 00:00:00,nutrition_sodium,2120.0
2015-02-07 00:00:00,nutrition_sodium,2443.0
2015-02-13 00:00:00,nutrition_sodium,3593.0
2015-02-15 00:00:00,nutrition_sodium,3016.0
2015-01-11 00:00:00,nutrition_sodium,1236.0
2015-03-10 00:00:00,nutrition_sodium,3353.0
2015-02-05 00:00:00,nutrition_sodium,2256.0
2015-02-11 00:00:00,nutrition_sodium,1475.0
2015-01-23 00:00:00,nutrition_sodium,2275.0
2015-01-09 00:00:00,nutrition_sodium,1786.0
2015-03-07 00:00:00,nutrition_sodium,3720.0
2015-01-27 00:00:00,nutrition_sodium,1753.0
2015-02-10 00:00:00,nutrition_sodium,3868.0
2015-03-30 00:00:00,nutrition_sodium,2580.0
2015-02-18 00:00:00,nutrition_sodium,1710.0
2015-01-20 00:00:00,nutrition_sodium,2514.0
2015-02-09 00:00:00,nutrition_sodium,1956.0
2015-03-05 00:00:00,nutrition_sodium,3299.0
2015-02-06 00:00:00,nutrition_sodium,2448.0
2015-01-14 00:00:00,nutrition_sodium,2463.0
2015-03-02 00:00:00,nutrition_sodium,2270.0
2015-01-19 00:00:00,nutrition_sodium,2538.0
2015-03-14 00:00:00,nutrition_sodium,1315.0
2015-01-13 00:00:00,nutrition_sodium,1678.0
2015-03-18 00:00:00,nutrition_sodium,1433.0
2015-03-01 00:00:00,nutrition_sodium,2007.0
2015-03-27 00:00:00,nutrition_sodium,2966.0
2015-02-22 00:00:00,nutrition_sodium,3450.0
2015-02-16 00:00:00,nutrition_sodium,1414.0
2015-03-25 00:00:00,nutrition_sodium,3382.0
2015-03-13 00:00:00,nutrition_sodium,1640.0
2015-01-21 00:00:00,nutrition_sodium,2098.0
2015-02-03 00:00:00,nutrition_sodium,2103.0
2015-02-17 00:00:00,nutrition_sodium,1406.0
2015-03-04 00:00:00,nutrition_sodium,4001.0
2015-04-01 00:00:00,nutrition_sodium,512.0
2015-01-16 00:00:00,nutrition_sodium,3772.0
1970-01-16 00:00:00,nutrition_sodium,10.0
2015-01-15 00:00:00,nutrition_sodium,1050.0
2015-02-25 00:00:00,nutrition_sodium,2272.0
2015-03-11 00:00:00,nutrition_sodium,2785.0
2015-03-26 00:00:00,nutrition_sodium,3140.0
2015-02-14 00:00:00,nutrition_sodium,2388.0
2015-03-06 00:00:00,nutrition_sodium,2691.0
2015-03-17 00:00:00,nutrition_sodium,1869.0
2015-03-31 00:00:00,nutrition_sodium,2992.0
2015-01-05 00:00:00,sleep_total,418.0
2015-03-20 00:00:00,sleep_total,471.0
2015-03-12 00:00:00,sleep_total,406.0
2015-03-19 00:00:00,sleep_total,426.0
2015-02-01 00:00:00,sleep_total,443.0
2015-03-29 00:00:00,sleep_total,392.0
2015-03-22 00:00:00,sleep_total,498.0
2014-12-18 00:00:00,sleep_total,530.0
2015-02-23 00:00:00,sleep_total,421.0
2015-02-02 00:00:00,sleep_total,455.0
2014-12-17 00:00:00,sleep_total,416.0
2014-12-30 00:00:00,sleep_total,390.0
2015-02-21 00:00:00,sleep_total,548.0
2015-01-30 00:00:00,sleep_total,395.0
2015-03-08 00:00:00,sleep_total,446.0
2015-03-21 00:00:00,sleep_total,499.0
2015-02-19 00:00:00,sleep_total,395.0
2015-01-25 00:00:00,sleep_total,398.0
2015-02-27 00:00:00,sleep_total,443.0
2014-12-19 00:00:00,sleep_total,330.0
2014-12-23 00:00:00,sleep_total,502.0
2015-03-16 00:00:00,sleep_total,405.0
2015-02-12 00:00:00,sleep_total,480.0
2015-01-10 00:00:00,sleep_total,437.0
2015-01-07 00:00:00,sleep_total,404.0
2015-01-03 00:00:00,sleep_total,421.0
2015-03-28 00:00:00,sleep_total,480.0
2015-01-29 00:00:00,sleep_total,411.0
2015-03-09 00:00:00,sleep_total,479.0
2015-03-24 00:00:00,sleep_total,459.0
2014-12-26 00:00:00,sleep_total,488.0
2015-02-26 00:00:00,sleep_total,450.0
2015-02-20 00:00:00,sleep_total,409.0
2015-03-15 00:00:00,sleep_total,422.0
2015-01-31 00:00:00,sleep_total,448.0
2014-12-31 00:00:00,sleep_total,406.0
2015-01-04 00:00:00,sleep_total,444.0
2015-01-12 00:00:00,sleep_total,355.0
2015-01-26 00:00:00,sleep_total,432.0
2015-01-08 00:00:00,sleep_total,408.0
2015-03-23 00:00:00,sleep_total,427.0
2015-02-07 00:00:00,sleep_total,450.0
2015-02-15 00:00:00,sleep_total,529.0
2014-12-28 00:00:00,sleep_total,434.0
2015-01-11 00:00:00,sleep_total,477.0
2015-03-10 00:00:00,sleep_total,430.0
2015-02-11 00:00:00,sleep_total,441.0
2014-12-16 00:00:00,sleep_total,463.0
2015-01-23 00:00:00,sleep_total,438.0
2015-01-09 00:00:00,sleep_total,431.0
2015-03-07 00:00:00,sleep_total,535.0
2015-01-27 00:00:00,sleep_total,431.0
2015-03-30 00:00:00,sleep_total,350.0
2015-02-10 00:00:00,sleep_total,405.0
2015-02-18 00:00:00,sleep_total,391.0
2014-12-29 00:00:00,sleep_total,428.0
2015-03-05 00:00:00,sleep_total,446.0
2015-02-09 00:00:00,sleep_total,431.0
2014-12-25 00:00:00,sleep_total,513.0
2015-01-02 00:00:00,sleep_total,455.0
2015-02-06 00:00:00,sleep_total,459.0
2014-12-27 00:00:00,sleep_total,506.0
2015-01-14 00:00:00,sleep_total,412.0
2015-01-19 00:00:00,sleep_total,498.0
2015-03-14 00:00:00,sleep_total,506.0
2015-01-13 00:00:00,sleep_total,356.0
2015-03-27 00:00:00,sleep_total,375.0
2015-02-22 00:00:00,sleep_total,415.0
2015-03-25 00:00:00,sleep_total,426.0
2015-03-13 00:00:00,sleep_total,431.0
2015-02-17 00:00:00,sleep_total,411.0
2015-02-03 00:00:00,sleep_total,393.0
2014-12-22 00:00:00,sleep_total,536.0
2015-03-04 00:00:00,sleep_total,491.0
2015-04-01 00:00:00,sleep_total,376.0
2015-01-15 00:00:00,sleep_total,375.0
2015-03-11 00:00:00,sleep_total,483.0
2015-03-26 00:00:00,sleep_total,382.0
2015-03-06 00:00:00,sleep_total,442.0
2015-03-17 00:00:00,sleep_total,425.0
2015-03-31 00:00:00,sleep_total,415.0
2015-01-05 00:00:00,sleep_times_woken,15.0
2015-03-20 00:00:00,sleep_times_woken,6.0
2015-03-12 00:00:00,sleep_times_woken,7.0
2015-03-19 00:00:00,sleep_times_woken,8.0
2015-02-01 00:00:00,sleep_times_woken,9.0
2015-03-29 00:00:00,sleep_times_woken,5.0
2015-03-22 00:00:00,sleep_times_woken,12.0
2014-12-18 00:00:00,sleep_times_woken,16.0
2015-02-23 00:00:00,sleep_times_woken,14.0
2015-02-02 00:00:00,sleep_times_woken,7.0
2014-12-17 00:00:00,sleep_times_woken,5.0
2014-12-30 00:00:00,sleep_times_woken,15.0
2015-02-21 00:00:00,sleep_times_woken,9.0
2015-01-30 00:00:00,sleep_times_woken,19.0
2015-03-08 00:00:00,sleep_times_woken,10.0
2015-03-21 00:00:00,sleep_times_woken,5.0
2015-02-19 00:00:00,sleep_times_woken,9.0
2015-01-25 00:00:00,sleep_times_woken,12.0
2015-02-27 00:00:00,sleep_times_woken,2.0
2014-12-19 00:00:00,sleep_times_woken,4.0
2014-12-23 00:00:00,sleep_times_woken,12.0
2015-03-16 00:00:00,sleep_times_woken,10.0
2015-02-12 00:00:00,sleep_times_woken,11.0
2015-01-10 00:00:00,sleep_times_woken,5.0
2015-01-07 00:00:00,sleep_times_woken,8.0
2015-01-03 00:00:00,sleep_times_woken,12.0
2015-03-28 00:00:00,sleep_times_woken,11.0
2015-01-29 00:00:00,sleep_times_woken,16.0
2015-03-09 00:00:00,sleep_times_woken,16.0
2015-03-24 00:00:00,sleep_times_woken,13.0
2014-12-26 00:00:00,sleep_times_woken,8.0
2015-02-26 00:00:00,sleep_times_woken,6.0
2015-02-20 00:00:00,sleep_times_woken,12.0
2015-03-15 00:00:00,sleep_times_woken,14.0
2015-01-31 00:00:00,sleep_times_woken,9.0
2014-12-31 00:00:00,sleep_times_woken,6.0
2015-01-04 00:00:00,sleep_times_woken,7.0
2015-01-12 00:00:00,sleep_times_woken,4.0
2015-01-26 00:00:00,sleep_times_woken,15.0
2015-01-08 00:00:00,sleep_times_woken,7.0
2015-03-23 00:00:00,sleep_times_woken,10.0
2015-02-07 00:00:00,sleep_times_woken,8.0
2015-02-15 00:00:00,sleep_times_woken,8.0
2014-12-28 00:00:00,sleep_times_woken,9.0
2015-01-11 00:00:00,sleep_times_woken,7.0
2015-03-10 00:00:00,sleep_times_woken,8.0
2015-02-11 00:00:00,sleep_times_woken,8.0
2014-12-16 00:00:00,sleep_times_woken,16.0
2015-01-23 00:00:00,sleep_times_woken,5.0
2015-01-09 00:00:00,sleep_times_woken,12.0
2015-03-07 00:00:00,sleep_times_woken,7.0
2015-01-27 00:00:00,sleep_times_woken,8.0
2015-03-30 00:00:00,sleep_times_woken,3.0
2015-02-10 00:00:00,sleep_times_woken,6.0
2015-02-18 00:00:00,sleep_times_woken,14.0
2014-12-29 00:00:00,sleep_times_woken,14.0
2015-03-05 00:00:00,sleep_times_woken,2.0
2015-02-09 00:00:00,sleep_times_woken,12.0
2014-12-25 00:00:00,sleep_times_woken,17.0
2015-01-02 00:00:00,sleep_times_woken,5.0
2015-02-06 00:00:00,sleep_times_woken,7.0
2014-12-27 00:00:00,sleep_times_woken,8.0
2015-01-14 00:00:00,sleep_times_woken,1.0
2015-01-19 00:00:00,sleep_times_woken,3.0
2015-03-14 00:00:00,sleep_times_woken,12.0
2015-01-13 00:00:00,sleep_times_woken,1.0
2015-03-27 00:00:00,sleep_times_woken,7.0
2015-02-22 00:00:00,sleep_times_woken,11.0
2015-03-25 00:00:00,sleep_times_woken,12.0
2015-03-13 00:00:00,sleep_times_woken,4.0
2015-02-17 00:00:00,sleep_times_woken,6.0
2015-02-03 00:00:00,sleep_times_woken,5.0
2014-12-22 00:00:00,sleep_times_woken,17.0
2015-03-04 00:00:00,sleep_times_woken,41.0
2015-04-01 00:00:00,sleep_times_woken,13.0
2015-01-15 00:00:00,sleep_times_woken,6.0
2015-03-11 00:00:00,sleep_times_woken,13.0
2015-03-26 00:00:00,sleep_times_woken,5.0
2015-03-06 00:00:00,sleep_times_woken,4.0
2015-03-17 00:00:00,sleep_times_woken,9.0
2015-03-31 00:00:00,sleep_times_woken,4.0
2015-01-05 00:00:00,weight,52.8163
2015-03-20 00:00:00,weight,50.3488
2015-02-01 00:00:00,weight,52.3672
2015-03-19 00:00:00,weight,50.249
2014-12-18 00:00:00,weight,53.0159
2015-02-23 00:00:00,weight,51.7186
2015-02-21 00:00:00,weight,50.6799
2014-12-17 00:00:00,weight,52.9388
2014-12-30 00:00:00,weight,52.8072
2015-01-30 00:00:00,weight,51.7594
2015-02-24 00:00:00,weight,51.1879
2015-02-08 00:00:00,weight,51.3557
2015-02-19 00:00:00,weight,50.8477
2014-07-19 00:00:00,weight,51.9817
2015-01-25 00:00:00,weight,52.4262
2015-02-27 00:00:00,weight,51.5099
2015-01-01 00:00:00,weight,52.526
2014-12-19 00:00:00,weight,52.6485
2015-03-16 00:00:00,weight,51.519
2015-02-12 00:00:00,weight,51.0155
2015-01-07 00:00:00,weight,52.4081
2015-01-03 00:00:00,weight,52.027
2015-01-24 00:00:00,weight,51.8955
2015-01-22 00:00:00,weight,51.8683
2015-01-28 00:00:00,weight,51.3693
2015-03-09 00:00:00,weight,50.7661
2015-03-24 00:00:00,weight,51.3285
2015-02-20 00:00:00,weight,49.7183
2015-03-15 00:00:00,weight,52.2765
2015-01-31 00:00:00,weight,52.0089
2014-12-31 00:00:00,weight,52.6984
2015-03-03 00:00:00,weight,50.7071
2015-02-04 00:00:00,weight,51.2695
2015-01-26 00:00:00,weight,50.5665
2015-01-08 00:00:00,weight,52.3355
2013-12-18 00:00:00,weight,50.8931
2014-07-29 00:00:00,weight,50.8931
2015-03-23 00:00:00,weight,52.1268
2015-01-06 00:00:00,weight,51.9499
2014-12-20 00:00:00,weight,52.5668
2015-02-07 00:00:00,weight,51.3557
2015-02-13 00:00:00,weight,51.5099
2014-12-28 00:00:00,weight,52.5079
2015-03-10 00:00:00,weight,50.7479
2015-02-11 00:00:00,weight,51.4963
2014-12-16 00:00:00,weight,52.4353
2015-01-23 00:00:00,weight,52.1178
2015-01-09 00:00:00,weight,52.4489
2015-03-07 00:00:00,weight,51.519
2015-01-27 00:00:00,weight,50.1083
2015-02-10 00:00:00,weight,51.2877
2015-03-30 00:00:00,weight,50.8023
2015-02-18 00:00:00,weight,50.8069
2015-03-05 00:00:00,weight,49.5187
2014-12-29 00:00:00,weight,53.1474
2015-01-20 00:00:00,weight,52.0724
2015-02-09 00:00:00,weight,51.8592
2015-01-02 00:00:00,weight,52.027
2015-02-06 00:00:00,weight,51.1561
2015-01-14 00:00:00,weight,51.9091
2014-12-27 00:00:00,weight,53.2291
2014-06-26 00:00:00,weight,50.8931
2015-03-18 00:00:00,weight,50.5755
2015-01-13 00:00:00,weight,51.6188
2015-03-27 00:00:00,weight,50.8568
2015-02-22 00:00:00,weight,51.6097
2015-02-16 00:00:00,weight,52.0996
2014-07-08 00:00:00,weight,51.891
2015-03-25 00:00:00,weight,50.6889
2014-07-21 00:00:00,weight,51.7095
2014-07-25 00:00:00,weight,51.5281
2015-03-13 00:00:00,weight,50.8885
2015-01-21 00:00:00,weight,52.0361
2015-02-17 00:00:00,weight,51.3058
2015-04-01 00:00:00,weight,50.8931
2015-01-16 00:00:00,weight,52.526
2015-01-15 00:00:00,weight,52.5079
2015-02-25 00:00:00,weight,51.0382
2015-03-11 00:00:00,weight,50.7479
2014-12-15 00:00:00,weight,52.4806
2015-03-26 00:00:00,weight,50.6889
2015-02-14 00:00:00,weight,51.2786
2014-07-09 00:00:00,weight,51.2559
2015-03-31 00:00:00,weight,50.4395
2015-03-17 00:00:00,weight,51.2559
2015-01-05 00:00:00,fat_percent,19.7
2015-03-20 00:00:00,fat_percent,17.606
2015-02-01 00:00:00,fat_percent,18.322
2015-03-19 00:00:00,fat_percent,17.606
2014-12-18 00:00:00,fat_percent,16.888
2015-02-23 00:00:00,fat_percent,17.606
2015-02-21 00:00:00,fat_percent,17.606
2014-12-17 00:00:00,fat_percent,16.381
2014-12-30 00:00:00,fat_percent,19.736
2015-01-30 00:00:00,fat_percent,18.069
2015-02-24 00:00:00,fat_percent,17.606
2015-02-08 00:00:00,fat_percent,17.798
2015-02-19 00:00:00,fat_percent,17.606
2015-01-25 00:00:00,fat_percent,18.457
2015-02-27 00:00:00,fat_percent,17.606
2015-01-01 00:00:00,fat_percent,19.767
2014-12-19 00:00:00,fat_percent,17.506
2015-03-16 00:00:00,fat_percent,17.606
2015-02-12 00:00:00,fat_percent,17.452
2015-01-07 00:00:00,fat_percent,20.24
2015-01-03 00:00:00,fat_percent,19.757
2015-01-24 00:00:00,fat_percent,18.131
2015-01-22 00:00:00,fat_percent,17.822
2015-01-28 00:00:00,fat_percent,17.184
2015-03-09 00:00:00,fat_percent,17.606
2015-03-24 00:00:00,fat_percent,17.606
2015-02-20 00:00:00,fat_percent,17.606
2015-03-15 00:00:00,fat_percent,17.606
2015-01-31 00:00:00,fat_percent,18.302
2014-12-31 00:00:00,fat_percent,19.798
2015-03-03 00:00:00,fat_percent,17.606
2015-01-26 00:00:00,fat_percent,17.336
2015-02-04 00:00:00,fat_percent,17.931
2015-01-08 00:00:00,fat_percent,19.676
2015-03-23 00:00:00,fat_percent,17.606
2015-01-06 00:00:00,fat_percent,19.224
2014-12-20 00:00:00,fat_percent,17.684
2015-02-07 00:00:00,fat_percent,17.858
2015-02-13 00:00:00,fat_percent,17.447
2014-12-28 00:00:00,fat_percent,20.156
2015-03-10 00:00:00,fat_percent,17.606
2015-02-11 00:00:00,fat_percent,17.438
2014-12-16 00:00:00,fat_percent,17.364
2015-01-23 00:00:00,fat_percent,17.815
2015-01-09 00:00:00,fat_percent,19.309
2015-03-07 00:00:00,fat_percent,17.606
2015-01-27 00:00:00,fat_percent,16.85
2015-02-10 00:00:00,fat_percent,17.399
2015-03-30 00:00:00,fat_percent,17.606
2015-02-18 00:00:00,fat_percent,17.606
2015-03-05 00:00:00,fat_percent,17.606
2014-12-29 00:00:00,fat_percent,19.854
2015-01-20 00:00:00,fat_percent,17.746
2015-02-09 00:00:00,fat_percent,17.615
2015-01-02 00:00:00,fat_percent,19.802
2015-02-06 00:00:00,fat_percent,17.85
2015-01-14 00:00:00,fat_percent,19.525
2014-12-27 00:00:00,fat_percent,18.395
2015-03-18 00:00:00,fat_percent,17.606
2015-01-13 00:00:00,fat_percent,19.784
2015-03-27 00:00:00,fat_percent,17.606
2015-02-22 00:00:00,fat_percent,17.606
2015-02-16 00:00:00,fat_percent,17.35
2015-03-25 00:00:00,fat_percent,17.606
2015-03-13 00:00:00,fat_percent,17.606
2015-01-21 00:00:00,fat_percent,17.767
2015-02-17 00:00:00,fat_percent,17.606
2015-01-16 00:00:00,fat_percent,19.125
2015-01-15 00:00:00,fat_percent,19.132
2015-02-25 00:00:00,fat_percent,17.606
2015-03-11 00:00:00,fat_percent,17.606
2014-12-15 00:00:00,fat_percent,19.8
2015-03-26 00:00:00,fat_percent,17.606
2015-02-14 00:00:00,fat_percent,17.499
2015-03-17 00:00:00,fat_percent,17.606
2015-03-31 00:00:00,fat_percent,17.606
